{
  "Alpha": 0.949999988079071,
  "DisabledAlpha": 0.6000000238418579,
  "WindowPadding": [
    8.0,
    8.0
  ],
  "WindowRounding": 4.0,
  "WindowBorderSize": 1.0,
  "WindowMinSize": [
    160.0,
    20.0
  ],
  "WindowTitleAlign": [
    0.0,
    0.5
  ],
  "WindowMenuButtonPosition": "Left",
  "ChildRounding": 0.0,
  "ChildBorderSize": 1.0,
  "PopupRounding": 0.0,
  "PopupBorderSize": 1.0,
  "FramePadding": [
    4.0,
    2.0
  ],
  "FrameRounding": 2.0,
  "FrameBorderSize": 0.0,
  "ItemSpacing": [
    6.0,
    2.0
  ],
  "ItemInnerSpacing": [
    2.0,
    4.0
  ],
  "CellPadding": [
    4.0,
    2.0
  ],
  "TouchExtraPadding": [
    0.0,
    0.0
  ],
  "IndentSpacing": 6.0,
  "ColumnsMinSpacing": 50.0,
  "ScrollbarSize": 12.0,
  "ScrollbarRounding": 16.0,
  "GrabMinSize": 14.0,
  "GrabRounding": 16.0,
  "LogSliderDeadzone": 4.0,
  "TabRounding": 4.0,
  "TabMinWidthForCloseButton": 0.0,
  "ColorButtonPosition": "Right",
  "ButtonTextAlign": [
    0.5,
    0.5
  ],
  "SelectableTextAlign": [
    0.0,
    0.0
  ],
  "SeparatorTextBorderSize": 3.0,
  "SeparatorTextAlign": [
    0.0,
    0.5
  ],
  "SeparatorTextPadding": [
    20.0,
    3.0
  ],
  "DisplaySafeAreaPadding": [
    3.0,
    3.0
  ],
  "DockingSeparatorSize": 2.0,
  "MouseCursorScale": 1.0,
  "AntiAliasedLines": true,
  "AntiAliasedLinesUseTex": true,
  "AntiAliasedFill": true,
  "CurveTessellationTol": 1.25,
  "CircleTessellationMaxError": 0.30000001192092896,
  "Colors": [
    [
      "Text",
      [
        0.8600000143051147,
        0.9300000071525574,
        0.8899999856948853,
        0.7799999713897705
      ]
    ],
    [
      "TextDisabled",
      [
        0.8600000143051147,
        0.9300000071525574,
        0.8899999856948853,
        0.2800000011920929
      ]
    ],
    [
      "WindowBg",
      [
        0.12999999523162842,
        0.14000000059604645,
        0.17000000178813934,
        1.0
      ]
    ],
    [
      "ChildBg",
      [
        0.0,
        0.0,
        0.0,
        0.0
      ]
    ],
    [
      "PopupBg",
      [
        0.20000000298023224,
        0.2199999988079071,
        0.27000001072883606,
        0.8999999761581421
      ]
    ],
    [
      "Border",
      [
        0.800000011920929,
        0.800000011920929,
        0.800000011920929,
        0.20000000298023224
      ]
    ],
    [
      "BorderShadow",
      [
        0.0,
        0.0,
        0.0,
        0.0
      ]
    ],
    [
      "FrameBg",
      [
        0.20000000298023224,
        0.2199999988079071,
        0.27000001072883606,
        1.0
      ]
    ],
    [
      "FrameBgHovered",
      [
        0.9200000166893005,
        0.18000000715255737,
        0.28999999165534973,
        0.7799999713897705
      ]
    ],
    [
      "FrameBgActive",
      [
        0.9200000166893005,
        0.18000000715255737,
        0.28999999165534973,
        1.0
      ]
    ],
    [
      "TitleBg",
      [
        0.20000000298023224,
        0.2199999988079071,
        0.27000001072883606,
        1.0
      ]
    ],
    [
      "TitleBgActive",
      [
        0.9200000166893005,
        0.18000000715255737,
        0.28999999165534973,
        1.0
      ]
    ],
    [
      "TitleBgCollapsed",
      [
        0.20000000298023224,
        0.2199999988079071,
        0.27000001072883606,
        0.75
      ]
    ],
    [
      "MenuBarBg",
      [
        0.20000000298023224,
        0.2199999988079071,
        0.27000001072883606,
        0.4699999988079071
      ]
    ],
    [
      "ScrollbarBg",
      [
        0.20000000298023224,
        0.2199999988079071,
        0.27000001072883606,
        1.0
      ]
    ],
    [
      "ScrollbarGrab",
      [
        0.09000000357627869,
        0.15000000596046448,
        0.1599999964237213,
        1.0
      ]
    ],
    [
      "ScrollbarGrabHovered",
      [
        0.9200000166893005,
        0.18000000715255737,
        0.28999999165534973,
        0.7799999713897705
      ]
    ],
    [
      "ScrollbarGrabActive",
      [
        0.9200000166893005,
        0.18000000715255737,
        0.28999999165534973,
        1.0
      ]
    ],
    [
      "CheckMark",
      [
        0.7099999785423279,
        0.2199999988079071,
        0.27000001072883606,
        1.0
      ]
    ],
    [
      "SliderGrab",
      [
        0.4699999988079071,
        0.7699999809265137,
        0.8299999833106995,
        0.14000000059604645
      ]
    ],
    [
      "SliderGrabActive",
      [
        0.9200000166893005,
        0.18000000715255737,
        0.28999999165534973,
        1.0
      ]
    ],
    [
      "Button",
      [
        0.4699999988079071,
        0.7699999809265137,
        0.8299999833106995,
        0.14000000059604645
      ]
    ],
    [
      "ButtonHovered",
      [
        0.9200000166893005,
        0.18000000715255737,
        0.28999999165534973,
        0.8600000143051147
      ]
    ],
    [
      "ButtonActive",
      [
        0.9200000166893005,
        0.18000000715255737,
        0.28999999165534973,
        1.0
      ]
    ],
    [
      "Header",
      [
        0.9200000166893005,
        0.18000000715255737,
        0.28999999165534973,
        0.7599999904632568
      ]
    ],
    [
      "HeaderHovered",
      [
        0.9200000166893005,
        0.18000000715255737,
        0.28999999165534973,
        0.8600000143051147
      ]
    ],
    [
      "HeaderActive",
      [
        0.9200000166893005,
        0.18000000715255737,
        0.28999999165534973,
        1.0
      ]
    ],
    [
      "Separator",
      [
        0.800000011920929,
        0.800000011920929,
        0.800000011920929,
        0.20000000298023224
      ]
    ],
    [
      "SeparatorHovered",
      [
        0.9200000166893005,
        0.18000000715255737,
        0.28999999165534973,
        0.7799999713897705
      ]
    ],
    [
      "SeparatorActive",
      [
        0.9200000166893005,
        0.18000000715255737,
        0.28999999165534973,
        1.0
      ]
    ],
    [
      "ResizeGrip",
      [
        0.4699999988079071,
        0.7699999809265137,
        0.8299999833106995,
        0.03999999910593033
      ]
    ],
    [
      "ResizeGripHovered",
      [
        0.9200000166893005,
        0.18000000715255737,
        0.28999999165534973,
        0.7799999713897705
      ]
    ],
    [
      "ResizeGripActive",
      [
        0.9200000166893005,
        0.18000000715255737,
        0.28999999165534973,
        1.0
      ]
    ],
    [
      "Tab",
      [
        0.17999999225139618,
        0.34999996423721313,
        0.5800000429153442,
        0.8619999885559082
      ]
    ],
    [
      "TabHovered",
      [
        0.25999999046325684,
        0.5899999737739563,
        0.9800000190734863,
        0.800000011920929
      ]
    ],
    [
      "TabActive",
      [
        0.19999998807907104,
        0.4099999666213989,
        0.6800000071525574,
        1.0
      ]
    ],
    [
      "TabUnfocused",
      [
        0.06800000369548798,
        0.10199998319149017,
        0.14800003170967102,
        0.9724000096321106
      ]
    ],
    [
      "TabUnfocusedActive",
      [
        0.13599997758865356,
        0.2619999647140503,
        0.42399999499320984,
        1.0
      ]
    ],
    [
      "DockingPreview",
      [
        0.25999999046325684,
        0.5899999737739563,
        0.9800000190734863,
        0.699999988079071
      ]
    ],
    [
      "DockingEmptyBg",
      [
        0.20000000298023224,
        0.20000000298023224,
