{
  "GridSpacing": 24.0,
  "NodeCornerRounding": 4.0,
  "NodePadding": [
    8.0,
    8.0
  ],
  "NodeBorderThickness": 1.0,
  "LinkThickness": 3.0,
  "LinkLineSegmentsPerLength": 0.10000000149011612,
  "LinkHoverDistance": 10.0,
  "PinCircleRadius": 4.0,
  "PinQuadSideLength": 7.0,
  "PinTriangleSideLength": 9.5,
  "PinLineThickness": 1.0,
  "PinHoverRadius": 10.0,
  "PinOffset": 0.0,
  "MiniMapPadding": [
    8.0,
    8.0
  ],
  "MiniMapOffset": [
    4.0,
    4.0
  ],
  "Flags": 5,
  "Colors": [
    [
      "NodeBackground",
      [
        0.19607844948768616,
        0.19607844948768616,
        0.19607844948768616,
        1.0
      ]
    ],
    [
      "NodeBackgroundHovered",
      [
        0.29411765933036804,
        0.29411765933036804,
        0.29411765933036804,
        1.0
      ]
    ],
    [
      "NodeBackgroundSelected",
      [
        0.29411765933036804,
        0.29411765933036804,
        0.29411765933036804,
        1.0
      ]
    ],
    [
      "NodeOutline",
      [
        0.3921568989753723,
        0.3921568989753723,
        0.3921568989753723,
        1.0
      ]
    ],
    [
      "TitleBar",
      [
        0.16078431904315948,
        0.29019609093666077,
        0.4784314036369324,
        1.0
      ]
    ],
    [
      "TitleBarHovered",
      [
        0.25882354378700256,
        0.5882353186607361,
        0.9803922176361084,
        1.0
      ]
    ],
    [
      "TitleBarSelected",
      [
        0.25882354378700256,
        0.5882353186607361,
        0.9803922176361084,
        1.0
      ]
    ],
    [
      "Link",
      [
        0.2392157018184662,
        0.5215686559677124,
        0.8784314393997192,
        0.7843137979507446
      ]
    ],
    [
      "LinkHovered",
      [
        0.25882354378700256,
        0.5882353186607361,
        0.9803922176361084,
        1.0
      ]
    ],
    [
      "LinkSelected",
      [
        0.25882354378700256,
        0.5882353186607361,
        0.9803922176361084,
        1.0
      ]
    ],
    [
      "Pin",
      [
        0.20784315466880798,
        0.5882353186607361,
        0.9803922176361084,
        0.7058823704719543
      ]
    ],
    [
      "PinHovered",
      [
        0.20784315466880798,
        0.5882353186607361,
        0.9803922176361084,
        1.0
      ]
    ],
    [
      "BoxSelector",
      [
        0.2392157018184662,
        0.5215686559677124,
        0.8784314393997192,
        0.11764706671237946
      ]
    ],
    [
      "BoxSelectorOutline",
      [
        0.2392157018184662,
        0.5215686559677124,
        0.8784314393997192,
        0.5882353186607361
      ]
    ],
    [
      "GridBackground",
      [
        0.1568627506494522,
        0.1568627506494522,
        0.19607844948768616,
        0.7843137979507446
      ]
    ],
    [
      "GridLine",
      [
        0.7843137979507446,
        0.7843137979507446,
        0.7843137979507446,
        0.1568627506494522
      ]
    ],
    [
      "GridLinePrimary",
      [
        0.9411765336990356,
        0.9411765336990356,
        0.9411765336990356,
        0.2352941334247589
      ]
    ],
    [
      "MiniMapBackground",
      [
        0.09803922474384308,
        0.09803922474384308,
        0.09803922474384308,
        0.5882353186607361
      ]
    ],
    [
      "MiniMapBackgroundHovered",
      [
        0.09803922474384308,
        0.09803922474384308,
        0.09803922474384308,
        0.7843137979507446
      ]
    ],
    [
      "MiniMapOutline",
      [
        0.5882353186607361,
        0.5882353186607361,
        0.5882353186607361,
        0.3921568989753723
      ]
    ],
    [
      "MiniMapOutlineHovered",
      [
        0.5882353186607361,
        0.5882353186607361,
        0.5882353186607361,
        0.7843137979507446
      ]
    ],
    [
      "MiniMapNodeBackground",
      [
        0.7843137979507446,
        0.7843137979507446,
        0.7843137979507446,
        0.3921568989753723
      ]
    ],
    [
      "MiniMapNodeBackgroundHovered",
      [
        0.7843137979507446,
        0.7843137979507446,
        0.7843137979507446,
        1.0
      ]
    ],
    [
      "MiniMapNodeBackgroundSelected",
      [
        0.7843137979507446,
        0.7843137979507446,
        0.7843137979507446,
        1.0
      ]
    ],
    [
      "MiniMapNodeOutline",
      [
        0.7843137979507446,
        0.7843137979507446,
        0.7843137979507446,
        0.3921568989753723
      ]
    ],
    [
      "MiniMapLink",
      [
        0.2392157018184662,
        0.5215686559677124,
        0.8784314393997192,
        0.7843137979507446
      ]
    ],
    [
      "MiniMapLinkSelected",
      [
        0.25882354378700256,
        0.5882353186607361,
        0.9803922176361084,
        1.0
      ]
    ],
    [
      "MiniMapCanvas",
      [
        0.7843137979507446,
        0.7843137979507446,
        0.7843137979507446,
        0.09803922474384308
      ]
    ],
    [
      "MiniMapCanvasOutline",
      [
        0.7843137979507446,
        0.7843137979507446,
        0.7843137979507446,
        0.7843137979507446
      ]
    ]
  ]
}
